-- Motors
INSERT INTO motor (id, name, weight, price, available, shop_link) VALUES
(1,  'Happymodel SE0802 19000Kv',                1.9, 8.99,  true, 'https://www.rotorama.com/product/happymodel-se0802-19000kv'),
(2,  'iFlight XING-E 5215 500Kv',             344.5, 61.59,  true, 'https://www.rotorama.com/product/iflight-xing-e-5215-500kv'),
(3,  'Flashhobby A5215 350Kv',                  353, 53.29,  true, 'https://www.rotorama.com/product/flashhobby-a5215-350kv'),
(4,  'Flashhobby A5215 500Kv',                  353, 53.29,  true, 'https://www.rotorama.com/product/flashhobby-a5215-500kv'),
(5,  'Readytosky 4320 350Kv',                   260, 48.99,  true, 'https://www.rotorama.com/product/rcd-4320-350kv'),
(6,  'iFlight XING-E 3314 900Kv',               120, 44.99, false, 'https://www.rotorama.com/product/iflight-xing-e-3314-900kv'),
(7,  'BrotherHobby Avenger 2816 810Kv',          87, 40.29,  true, 'https://www.rotorama.com/product/brotherhobby-avenger-2816-810kv'),
(8,  'RCinpower Bison 3220 738Kv',              165, 40.89,  true, 'https://www.rotorama.com/product/rcinpower-bisonx-3220-738kv'),
(9,  'RCinpower EX4214 520Kv',                  222, 35.29,  true, 'https://www.rotorama.com/product/rcinpower-ex-4214-520kv'),
(10, 'iFlight XING-E 2809 1250Kv',             60.4, 34.19,  true, 'https://www.rotorama.com/product/iflight-xing-e-2809-1250kv'),
(11, 'BrotherHobby Avenger 2812 V3 1115Kv',      77, 34.19,  true, 'https://www.rotorama.com/product/brotherhobby-avenger-2812-v3-1115kv'),
(12, 'AOS Supernova 2207 1980Kv',                31, 32.69, false, 'https://www.rotorama.com/product/rcinpower-aos-supernova-2207-1980kv'),
(13, 'GEPRC EM3115 900Kv',                      115, 31.19,  true, 'https://www.rotorama.com/product/geprc-em3115-900kv'),
(14, 'BrotherHobby Avenger 2810 1180Kv',         65, 29.59,  true, 'https://www.rotorama.com/product/brotherhobby-avenger-2810-1180kv'),
(15, 'RCinpower GTS V4 2207 2040Kv',           32.8, 29.39,  true, 'https://www.rotorama.com/product/rcinpower-gts-v4-2207-2040kv'),
(16, 'RCinpower Wasp Major V2 22.6-6.6 2100Kv',  33, 28.19,  true, 'https://www.rotorama.com/product/rcinpower-wasp-major-v2-22-6-6-6-2100kv'),
(17, 'RCinpower Wasp Major V2 22.6-6.6 1980Kv',  33, 28.19, false, 'https://www.rotorama.com/product/rcinpower-wasp-major-v2-22-6-6-6-1980kv'),
(18, 'BrotherHobby Avenger 2806.5 1300Kv',       41, 27.39,  true, 'https://www.rotorama.com/product/brotherhobby-avenger-2806-5-1300k'),
(19, 'GEPRC EM2812 900Kv',                       76, 25.89,  true, 'https://www.rotorama.com/product/geprc-em2812-900kv'),
(20, 'iFlight XING2 2207 1750Kv',             30.5,  24.39,  true, 'https://www.rotorama.com/product/iflight-xing2-2207-1750kv'),
(21, 'DeepSpace Aether 2207.3 1960Kv',         35.6, 21.39, false, 'https://www.rotorama.com/product/deepspace-aether-2207-3-1960kv'),
(22, 'BrotherHobby SE 2812 1115Kv',              79, 21.99,  true, 'https://www.rotorama.com/product/brotherhobby-se-2812-1115kv'),
(23, 'RCinpower GTS V3 1804 3450Kv',             12, 21.29, false, 'https://www.rotorama.com/product/rcinpower-gts-v3-1804-3450kv'),
(24, 'Emax Eco II 2807 1300Kv',               47.6,  20.49, false, 'https://www.rotorama.com/product/emax-eco-ii-2807-1300kv'),
(25, 'Emax Eco II 2306 1700KV',               28.0,  18.49,  true, 'https://www.rotorama.com/product/emax-eco-ii-2306-1700kv'),
(26, 'BrotherHobby LA 2005 3450Kv',              21, 20.49,  true, 'https://www.rotorama.com/product/brotherhobby-la-2005-3450kv'),
(27, 'BrotherHobby LA 2005 2450Kv',              21, 20.49,  true, 'https://www.rotorama.com/product/brotherhobby-la-2005-2450kv'),
(28, 'iFlight XING 1504 3100Kv',                 12, 19.29,  true, 'https://www.rotorama.com/product/iflight-xing-1504-3100kv'),
(29, 'RCinpower Bison 22.5-7 1800Kv',            33, 19.19,  true, 'https://www.rotorama.com/product/rcinpower-bison-22-5-7-1800kv'),
(30, 'BrotherHobby VY 1507 1550Kv',              16, 18.49,  true, 'https://www.rotorama.com/product/brotherhobby-vy-1507-1550kv'),
(31, 'Axisflying AE2207 V2 1960Kv',           35.2,  18.49, false, 'https://www.rotorama.com/product/axisflying-ae2207-1960kv-v2'),
(32, 'Emax Eco II 2807 1700Kv',               47.9,  18.49,  true, 'https://www.rotorama.com/product/emax-eco-ii-2807-1700kv'),
(33, 'AOS Supernova 1404 4000Kv',             10.2,  17.69, false, 'https://www.rotorama.com/product/aos-supernova-1404-4000kv'),
(34, 'BetaFPV Lava 1506 4200Kv',              13.6,  17.19,  true, 'https://www.rotorama.com/product/betafpv-1506-4200kv'),
(35, 'RCinpower GTS V3 1404.6 Plus 3850Kv',      9,  17.09, false, 'https://www.rotorama.com/product/rcinpower-gts-v3-1404-6-3850kv'),
(36, 'Flashhobby 2207.5 1900Kv',                36,  16.39,  true, 'https://www.rotorama.com/product/flashhobby-2207-5-1900kv'),
(37, 'GEPRC SpeedX2 2207E 1960Kv',           34.5,   16.39,  true, 'https://www.rotorama.com/product/geprc-speedx2-2207e-1960kv'),
(38, 'BrotherHobby VY 1504.5 3950Kv',           12,  16.39,  true, 'https://www.rotorama.com/product/brotherhobby-vy-1504-5-3950kv'),
(39, 'Sub250 1804 3450Kv',                    13.2,  16.29, false, 'https://www.rotorama.com/product/sub250-1804-3450kv'),
(40, 'GEPRC SpeedX2 1505 4300Kv',            12.7,   15.99,  true, 'https://www.rotorama.com/product/geprc-speedx2-1505-4300kv'),
(41, 'Axisflying C155 4800Kv',               11.2,   15.59,  true, 'https://www.rotorama.com/product/axisflying-1505-4800kv'),
(42, 'iFlight XING-E Pro 2207 2450Kv',       32.8,   15.59,  true, 'https://www.rotorama.com/product/iflight-xing-e-pro-2207-2450kv'),
(43, 'RCinpower GTS V3 1304 11500Kv',         6.2,   15.49,  true, 'https://www.rotorama.com/product/rcinpower-gts-1304-11500kv-v3'),
(44, 'FlyfishRC Flash 1303.5 5500Kv',         7.5,   15.09,  true, 'https://www.rotorama.com/product/flyfish-flash-1303-5-5500kv'),
(45, 'RCinpower GTS V2 1207 6000Kv',          9.3,   15.09,  true, 'https://www.rotorama.com/product/rcinpower-gts-v2-1207-6000kv'),
(46, 'DeepSpace Aether 1505 4000Kv',         12.2,   14.79, false, 'https://www.rotorama.com/product/deepspace-aether-1505-4000kv'),
(47, 'Emax Eco II 2004 3000Kv',              16.4,   14.39, false, 'https://www.rotorama.com/product/emax-eco-ii-2004-3000kv'),
(48, 'Emax Eco II 2004 2400Kv',              16.4,   14.39,  true, 'https://www.rotorama.com/product/emax-emax-eco-ii-2004-2400kv'),
(49, 'Emax Eco II 2004 1600Kv',              16.6,   14.39,  true, 'https://www.rotorama.com/product/emax-eco-ii-2004-1600kv'),
(50, 'Emax Eco II 2004 2000Kv',              16.6,   14.39,  true, 'https://www.rotorama.com/product/emax-eco-ii-2004-2000kv'),
(51, 'BetaFPV LAVA 1104 7200Kv',              5.3,   14.39,  true, 'https://www.rotorama.com/product/betafpv-lava-1104-7200kv'),
(52, 'RCinpower GTS V3 1003 18000Kv',        3.45,   14.29,  true, 'https://www.rotorama.com/product/rcinpower-gts-v3-1103-18000kv'),
(53, 'DarwinFPV Bling 1103 8000Kv',           4.1,   13.79,  true, 'https://www.rotorama.com/product/darwinfpv-1103-8000kv-bling'),
(54, 'GEPRC SpeedX2 1002 25000Kv',            2.5,   13.49,  true, 'https://www.rotorama.com/product/geprc-speedx2-1002-25000kv'),
(55, 'GEPRC SpeedX2 1202.5 10000Kv',         4.53,   13.49,  true, 'https://www.rotorama.com/product/geprc-speedx2-1202-5-10000kv'),
(56, 'Flashhobby A1408 3650Kv',             16.5,    13.09,  true, 'https://www.rotorama.com/product/flashhobby-1408-3650kv-2'),
(57, 'Flashhobby K1303 8000Kv',              8.2,   11.89,  true, 'https://www.rotorama.com/product/flashhobby-1303-8000kv'),
(58, 'GEPRC SpeedX2 1104 7500Kv',            5.2,   11.49,  true, 'https://www.rotorama.com/product/geprc-speedx2-1104-7500kv'),
(59, 'Flashhobby A1207 5200Kv',             10.3,   10.99,  true, 'https://www.rotorama.com/product/flashhobby-a1207-5200kv'),
(60, 'Happymodel RS0802 20000Kv',              2,    9.79,  true, 'https://www.rotorama.com/product/happymodel-rs0802-20000kv-2'),
(61, 'Happymodel EX0802 19000Kv',            1.7,    9.39,  true, 'https://www.rotorama.com/product/happymodel-ex0802-19000kv-2');



-- Propellers
INSERT INTO propeller (id, diameter, pitch, blade_count, weight, price, available, shop_link) VALUES
(1,  1.22, 0.90, 3,  0.3, NULL, true, NULL), -- Gemfan 1219-3 31mm
(2,  1.57, 0.90, 4,  0.5, NULL, true, NULL), -- Happymodel 40mm 4-blade
(3,  1.60, 0.80, 3,  0.4, NULL, true, NULL), -- GF 1608-3
(4,  1.60, 0.90, 4,  0.5, NULL, true, NULL), -- GF 1609-4
(5,  1.60, 1.00, 2,  0.3, NULL, true, NULL), -- Gemfan 1610-2
(6,  1.60, 3.50, 3,  0.4, NULL, true, NULL), -- GF 1635-3
(7,  1.60, 3.50, 4,  0.5, NULL, true, NULL), -- GF 1635-4
(8,  1.77, 1.50, 2,  0.5, NULL, true, NULL), -- GF 45mm-2
(9,  1.77, 1.50, 3,  0.7, NULL, true, NULL), -- GF 45mm-3
(10, 2.00, 1.50, 2,  0.8, NULL, true, NULL), -- GF 2015-2
(11, 2.00, 2.00, 3,  1.0, NULL, true, NULL), -- HQ T2x2x3
(12, 2.00, 2.00, 4,  1.2, NULL, true, NULL), -- GF 2020-4
(13, 2.00, 2.00, 5,  1.5, NULL, true, NULL), -- Gemfan 2020-D51MM-5
(14, 2.00, 2.30, 3,  1.0, NULL, true, NULL), -- GF 2023-3
(15, 2.00, 2.35, 2,  0.8, NULL, true, NULL), -- Qianfeng 20235
(16, 2.00, 2.50, 3,  1.0, NULL, true, NULL), -- HQ 2x2.5x3
(17, 2.00, 3.50, 3,  1.0, NULL, true, NULL), -- DAL 2x3.5x3
(18, 2.00, 4.00, 3,  1.0, NULL, true, NULL), -- GF 2040-3
(19, 2.17, 1.50, 2,  1.0, NULL, true, NULL), -- 55mm 2-blade
(20, 2.20, 1.60, 3,  1.1, NULL, true, NULL), -- HQ T2.2x1.6x3
(21, 2.20, 1.90, 3,  1.1, NULL, true, NULL), -- Gemfan 2219-3
(22, 2.48, 2.00, 2,  1.2, NULL, true, NULL), -- GF D63 2-blade
(23, 2.48, 2.00, 3,  1.5, NULL, true, NULL), -- GF D63 3-blade
(24, 2.48, 2.00, 5,  2.0, NULL, true, NULL), -- GF D63 5-blade
(25, 2.50, 1.20, 3,  1.5, NULL, true, NULL), -- Qianfeng 2512-3
(26, 2.50, 2.60, 2,  1.2, NULL, true, NULL), -- GF 5126-2
(27, 2.50, 2.50, 3,  1.5, NULL, true, NULL), -- GF 5125-3
(28, 2.50, 4.00, 3,  1.5, NULL, true, NULL), -- GF 2540-3
(29, 2.56, 2.00, 2,  1.2, NULL, true, NULL), -- GF 65R 2-blade
(30, 2.56, 2.00, 3,  1.5, NULL, true, NULL), -- HQ T6SR 3-blade
(31, 2.90, 2.70, 3,  2.0, NULL, true, NULL), -- HQ TD2.9x2.7x3
(32, 2.99, 2.00, 3,  2.0, NULL, true, NULL), -- HQ T76-3
(33, 2.99, 2.00, 4,  2.5, NULL, true, NULL), -- HQ DT76-4B
(34, 3.00, 1.60, 3,  2.5, NULL, true, NULL), -- GF 3016-3
(35, 3.00, 1.80, 2,  2.0, NULL, true, NULL), -- GF 3018-2
(36, 3.00, 1.80, 3,  2.5, NULL, true, NULL), -- DAL 3018-3
(37, 3.00, 2.00, 2,  2.0, NULL, true, NULL), -- HQ 3x2x2
(38, 3.00, 2.80, 3,  2.5, NULL, true, NULL), -- GF 3028-3
(39, 3.00, 3.00, 3,  2.5, NULL, true, NULL), -- HQ T3x3x3 3-blade
(40, 3.00, 3.50, 3,  2.5, NULL, true, NULL), -- GF 3035-3
(41, 3.00, 4.00, 3,  2.5, NULL, true, NULL), -- HQ 3x4x3
(42, 3.00, 5.60, 3,  2.5, NULL, true, NULL), -- GF 3056-3
(43, 3.54, 2.50, 3,  3.0, NULL, true, NULL), -- GF D90-3
(44, 3.50, 2.00, 3,  3.0, NULL, true, NULL), -- GF 3520-3
(45, 3.50, 2.50, 3,  3.0, NULL, true, NULL), -- HQ T3.5x2.5x3
(46, 3.50, 5.00, 3,  3.0, NULL, true, NULL), -- 3525-3
(47, 4.00, 2.30, 3,  4.5, NULL, true, NULL), -- GF 4023-3
(48, 4.00, 2.40, 2,  3.5, NULL, true, NULL), -- GF 4024-2
(49, 4.00, 4.50, 3,  4.5, NULL, true, NULL), -- GF 4045-3
(50, 4.90, 3.40, 3,  6.0, NULL, true, NULL), -- GF 4934-3
(51, 4.90, 4.35, 3,  6.0, NULL, true, NULL), -- BB 4943.5
(52, 5.00, 4.00, 3,  7.0, NULL, true, NULL), -- DAL Cyclone 5040
(53, 5.00, 4.30, 3,  7.0, NULL, true, NULL), -- HQ 5x4.3x3 / Nazgul F5
(54, 5.00, 4.50, 3,  7.0, NULL, true, NULL), -- GF 5045-3
(55, 5.00, 4.60, 3,  7.0, NULL, true, NULL), -- DAL Cyclone 5046
(56, 5.00, 4.70, 3,  7.0, NULL, true, NULL), -- DAL 5047-3
(57, 5.00, 4.80, 3,  7.0, NULL, true, NULL), -- HQ 5x4.8x3
(58, 5.00, 5.00, 3,  7.0, NULL, true, NULL), -- DAL Cyclone 5050
(59, 5.10, 2.50, 3,  7.5, NULL, true, NULL), -- GEMFAN SL5125 3-blade
(60, 5.10, 2.60, 2,  5.5, NULL, true, NULL), -- GEMFAN SL5126 2-blade
(61, 5.10, 3.10, 3,  7.5, NULL, true, NULL), -- HQ 5.1x3.1x3 / HQ EthiX S3
(62, 5.10, 3.60, 2,  5.5, NULL, true, NULL), -- GF 5136R 2-blade
(63, 5.10, 3.60, 3,  7.5, NULL, true, NULL), -- HQ R36
(64, 5.10, 3.80, 3,  7.5, NULL, true, NULL), -- HQ R38
(65, 5.10, 4.10, 3,  7.5, NULL, true, NULL), -- HQ EthiX S4
(66, 5.10, 4.30, 3,  7.5, NULL, true, NULL), -- GF 51433 / HQ MCK
(67, 5.10, 4.70, 3,  7.5, NULL, true, NULL), -- GF 51466
(68, 5.10, 4.80, 3,  7.5, NULL, true, NULL), -- DAL T5148.5
(69, 5.10, 5.00, 3,  7.5, NULL, true, NULL), -- HQ EthiX S5 / GF 51499
(70, 5.50, 4.00, 3,  9.0, NULL, true, NULL), -- HQ 5.5x4x3
(71, 6.00, 3.20, 3, 11.0, NULL, true, NULL), -- GF 6032-3
(72, 6.00, 4.50, 2,  8.0, NULL, true, NULL), -- GF 6045-2
(73, 6.00, 4.50, 3, 11.0, NULL, true, NULL), -- GF 6045-3
(74, 7.00, 3.50, 3, 15.0, NULL, true, NULL), -- HQ 7x3.5x3
(75, 7.00, 4.00, 2, 10.0, NULL, true, NULL), -- GF 7040-2
(76, 7.00, 4.00, 3, 15.0, NULL, true, NULL), -- HQ 7x4x3
(77, 7.00, 4.20, 2, 10.0, NULL, true, NULL), -- Gemfan 7042-2
(78, 8.00, 4.00, 3, 20.0, NULL, true, NULL), -- HQ 8x4x3
(79, 9.00, 4.00, 3, 25.0, NULL, true, NULL), -- HQ 9x4x3
(80, 9.00, 4.50, 2, 18.0, NULL, true, NULL), -- Hoprop MQ9x4.5
(81, 9.00, 5.00, 3, 25.0, NULL, true, NULL), -- HQ 9x5x3
(82, 10.0, 4.50, 3, 30.0, NULL, true, NULL), -- HQ 10x4.5x3
(83, 10.0, 5.00, 2, 22.0, NULL, true, NULL), -- Hoprop MQ10x5
(84, 10.0, 5.00, 3, 30.0, NULL, true, NULL), -- HQ 10x5x3
(85, 10.5, 5.00, 3, 32.0, NULL, true, NULL), -- HQ/GF 1050-3
(86, 12.0, 4.80, 3, 45.0, NULL, true, NULL), -- RC 1248-3
(87, 13.0, 8.00, 3, 55.0, NULL, true, NULL), -- GF 1308-3
(88, 13.0, 9.00, 3, 55.0, NULL, true, NULL), -- HQ 1309-3
(89, 15.0, 7.00, 3, 68.0, NULL, true, NULL), -- GF/HQ 1507-3
(90, 5.10, 2.00, 3,  7.5, NULL, true, NULL), -- EMAX AVAN 5120 3-blade
(91, 4.00, 2.50, 2,  3.5, NULL, true, NULL), -- HQ T4025 2-blade
(92, 3.00, 3.00, 2,  2.0, NULL, true, NULL), -- HQ T3x3x3 2-blade
(93, 4.50, 2.50, 3,  5.5, NULL, true, NULL), -- GEMFAN SL4525 3-blade
(94, 4.00, 3.50, 3,  4.5, NULL, true, NULL); -- GF F4 freestyle



-- Motor configurations
-- thrust in grams, max_current in amps
INSERT INTO motor_configuration (id, motor_id, propeller_id, cell_count, thrust, max_current) VALUES
(1,   33, 34, 4,  474.0, 15.2),  -- AOS Supernova 1404 / GF 3016-3 / 4S
(2,   33, 31, 4,  473.0, 20.9),  -- AOS Supernova 1404 / HQ TD2.9x2.7x3 / 4S
(3,   33, 48, 3,  454.0, 17.4),  -- AOS Supernova 1404 / GF 4024-2 / 3S
(4,   12, 62, 5, 2184.0, 49.6),  -- AOS Supernova 2207 / GF 5136R / 5S
(5,   12, 62, 6, 2521.0, 59.4),  -- AOS Supernova 2207 / GF 5136R / 6S
(6,   12, 67, 5, 2278.0, 51.0),  -- AOS Supernova 2207 / GF 51466 / 5S
(7,   12, 67, 6, 2547.0, 60.7),  -- AOS Supernova 2207 / GF 51466 / 6S
(8,   12, 63, 5, 2025.0, 44.7),  -- AOS Supernova 2207 / HQ R36 / 5S
(9,   12, 63, 6, 2236.0, 54.4),  -- AOS Supernova 2207 / HQ R36 / 6S
(10,  12, 64, 5, 1941.0, 47.2),  -- AOS Supernova 2207 / HQ R38 / 5S
(11,  12, 64, 6, 2279.0, 57.7),  -- AOS Supernova 2207 / HQ R38 / 6S
(12,  12, 68, 5, 1967.0, 43.9),  -- AOS Supernova 2207 / DAL T5148.5 / 5S
(13,  12, 68, 6, 2311.0, 54.3),  -- AOS Supernova 2207 / DAL T5148.5 / 6S
(14,  31, 51, 6, 1646.6, 36.78), -- Axisflying AE2207 / BB 4943.5 / 6S
(15,  31, 67, 6, 1702.7, 38.65), -- Axisflying AE2207 / GF 51466 / 6S
(16,  41, 22, 4,  255.2, 16.07), -- Axisflying C155 / GF D63 2-blade / 4S
(17,  41, 22, 3,  255.9, 14.21), -- Axisflying C155 / GF D63 2-blade / 3S
(18,  41, 22, 3,  189.8, 13.54), -- Axisflying C155 / GF D63 2-blade / 3S
(19,  41, 45, 3,  326.2, 18.63), -- Axisflying C155 / HQ T3.5x2.5x3 / 3S
(20,  51, 23, 3,  234.0, 10.20), -- BetaFPV LAVA 1104 / GF D63 3-blade / 3S
(21,  34, 23, 4,  497.0, 19.59), -- BetaFPV Lava 1506 / GF D63 3-blade / 4S
(22,  18, 74, 6, 2520.0, 44.4),  -- BrotherHobby Avenger 2806.5 / HQ 7x3.5x3 / 6S
(23,  14, 76, 6, 2193.0, 36.0),  -- BrotherHobby Avenger 2810 / HQ 7x4x3 / 6S
(24,  11, 81, 6, 3307.0, 66.8),  -- BrotherHobby Avenger 2812 / HQ 9x5x3 / 6S
(25,   7, 84, 6, 3523.0, 55.0),  -- BrotherHobby Avenger 2816 / HQ 10x5x3 / 6S
(26,  26, 41, 4,  530.0, 23.1),  -- BrotherHobby LA 2005 3450Kv / HQ 3x4x3 / 4S
(27,  27, 41, 4,  530.0, 23.1),  -- BrotherHobby LA 2005 2450Kv / HQ 3x4x3 / 4S
(28,  22, 76, 6, 2640.0, 42.6),  -- BrotherHobby SE 2812 / HQ 7x4x3 / 6S
(29,  38, 34, 4,  454.0, 13.2),  -- BrotherHobby VY 1504.5 / GF 3016-3 / 4S
(30,  30, 66, 6,  762.0, 13.5),  -- BrotherHobby VY 1507 / GF 51433 / 6S
(31,  53, 15, 3,  210.0,  9.4),  -- DarwinFPV Bling / Qianfeng 20235 / 3S
(32,  53, 25, 3,  259.0, 10.0),  -- DarwinFPV Bling / Qianfeng 2512-3 / 3S
(33,  46, 22, 4,  443.6, 15.7),  -- DeepSpace Aether 1505 / GF D63 2-blade / 4S
(34,  46, 39, 4,  553.6, 20.1),  -- DeepSpace Aether 1505 / HQ T3x3x3 3-blade / 4S
(35,  21, 66, 6, 1649.8, 23.1),  -- DeepSpace Aether 2207.3 / GF 51433 / 6S
(36,  21, 67, 6, 1806.3, 42.4),  -- DeepSpace Aether 2207.3 / GF 51466 / 6S
(37,  25, 52, 6, 1500.0, 23.5),  -- Emax Eco II 2306 / DAL Cyclone 5040 / 6S
(38,  25, 58, 6, 1710.0, 34.8),  -- Emax Eco II 2306 / DAL Cyclone 5050 / 6S
(39,  25, 55, 6, 1690.0, 30.5),  -- Emax Eco II 2306 / DAL Cyclone 5046 / 6S
(40,  25, 70, 6, 1850.0, 31.8),  -- Emax Eco II 2306 / HQ 5.5x4x3 / 6S
(41,  25, 53, 6, 1670.0, 26.8),  -- Emax Eco II 2306 / HQ 5x4.3x3 / 6S
(42,  25, 57, 6, 1680.0, 29.4),  -- Emax Eco II 2306 / HQ 5x4.8x3 / 6S
(43,  25, 54, 6, 1570.0, 27.1),  -- Emax Eco II 2306 / GF 5045-3 / 6S
(44,  24, 77, 6, 2190.0, 47.9),  -- Emax Eco II 2807 1300Kv / Gemfan 7042-2 / 6S
(45,  24, 76, 6, 2490.0, 45.2),  -- Emax Eco II 2807 1300Kv / Gemfan 7040-3 / 6S
(46,  24, 74, 6, 2580.0, 47.1),  -- Emax Eco II 2807 1300Kv / HQ 7x3.5x3 / 6S
(47,  24, 76, 6, 2640.0, 51.2),  -- Emax Eco II 2807 1300Kv / HQ 7x4x3 / 6S
(48,  32, 77, 4, 1810.0, 46.2),  -- Emax Eco II 2807 1700Kv / Gemfan 7042-2 / 4S
(49,  32, 76, 4, 1990.0, 43.7),  -- Emax Eco II 2807 1700Kv / Gemfan 7040-3 / 4S
(50,  32, 74, 4, 2060.0, 47.1),  -- Emax Eco II 2807 1700Kv / HQ 7x3.5x3 / 4S
(51,  32, 76, 4, 2100.0, 51.2),  -- Emax Eco II 2807 1700Kv / HQ 7x4x3 / 4S
(52,  36, 56, 6, 1713.0, 40.65), -- Flashhobby 2207.5 / DAL 5047-3 / 6S
(53,  36, 72, 6, 1959.0, 45.38), -- Flashhobby 2207.5 / GF 6045-2 / 6S
(54,  59, 18, 3,  195.0,  8.65), -- Flashhobby A1207 / GF 2040-3 / 3S
(55,  59, 28, 3,  320.0, 14.80), -- Flashhobby A1207 / GF 2540-3 / 3S
(56,  59, 40, 3,  383.0, 17.39), -- Flashhobby A1207 / GF 3035-3 / 3S
(57,  59, 18, 4,  445.0, 20.29), -- Flashhobby A1207 / GF 2040-3 / 4S
(58,  56, 38, 4,  461.0, 13.56), -- Flashhobby A1408 / GF 3028-3 / 4S
(59,  56, 38, 4,  486.0, 14.59), -- Flashhobby A1408 / GF 3056-3 / 4S
(60,  56, 49, 4,  650.0, 22.39), -- Flashhobby A1408 / GF 4045-3 / 4S
(61,   3, 87, 8, 4744.0, 37.62), -- Flashhobby A5215 350Kv / GF 1308-3 / 8S
(62,   3, 88, 8, 5654.0, 53.27), -- Flashhobby A5215 350Kv / HQ 1309-3 / 8S
(63,   3, 89, 8, 7074.0, 67.93), -- Flashhobby A5215 350Kv / GF 1507-3 / 8S
(64,   3, 89, 8, 7564.0, 68.88), -- Flashhobby A5215 350Kv / HQ 1507-3 / 8S
(65,   4, 87, 6, 5215.0, 98.62), -- Flashhobby A5215 500Kv / GF 1308-3 / 6S
(66,   4, 88, 6, 6005.0, 84.90), -- Flashhobby A5215 500Kv / HQ 1309-3 / 6S
(67,   4, 89, 6, 7077.0, 62.32), -- Flashhobby A5215 500Kv / GF 1507-3 / 6S
(68,   4, 89, 6, 7148.0, 98.62), -- Flashhobby A5215 500Kv / HQ 1507-3 / 6S
(69,  57, 18, 2,  117.0,  7.97), -- Flashhobby K1303 / GF 2040 / 2S
(70,  57, 28, 2,  170.0, 12.03), -- Flashhobby K1303 / GF 2540 / 2S
(71,  57, 18, 3,  203.0, 13.92), -- Flashhobby K1303 / GF 2040 / 3S
(72,  57, 28, 3,  236.0, 17.84), -- Flashhobby K1303 / GF 2540 / 3S
(73,  44, 37, 4,  297.8, 12.0),  -- FlyfishRC Flash / HQ 3x2x2 / 4S
(74,  44, 28, 4,  275.3, 11.21), -- FlyfishRC Flash / GF 2540-3 / 4S
(75,  19, 77, 6, 2318.0, 28.43), -- GEPRC EM2812 / Gemfan 8040-2 / 6S
(76,  19, 80, 6, 2710.0, 36.26), -- GEPRC EM2812 / Hoprop MQ9x4.5 / 6S
(77,  13, 80, 6, 3190.0, 43.2),  -- GEPRC EM3115 / Hoprop MQ9x4.5 / 6S
(78,  13, 83, 6, 4032.0, 66.71), -- GEPRC EM3115 / Hoprop MQ10x5 / 6S
(79,  54,  5, 1,   80.0,  8.9),  -- GEPRC SpeedX2 1002 / Gemfan 1610-2 / 1S
(80,  54,  6, 1,   83.0, 10.6),  -- GEPRC SpeedX2 1002 / GF 1635-3 / 1S
(81,  54,  7, 1,   87.0, 11.7),  -- GEPRC SpeedX2 1002 / GF 1635-4 / 1S
(82,  54, 10, 1,  103.0, 12.4),  -- GEPRC SpeedX2 1002 / GF 2015-2 / 1S
(83,  54, 14, 1,   84.0, 15.9),  -- GEPRC SpeedX2 1002 / GF 2023-3 / 1S
(84,  58, 21, 2,  148.82,  7.688), -- GEPRC SpeedX2 1104 / Gemfan 2219-3 / 2S
(85,  58, 21, 3,  257.95, 13.03), -- GEPRC SpeedX2 1104 / Gemfan 2219-3 / 3S
(86,  58, 11, 2,  123.78,  7.317), -- GEPRC SpeedX2 1104 / HQ T2x2x3 / 2S
(87,  58, 11, 3,  226.35, 13.049), -- GEPRC SpeedX2 1104 / HQ T2x2x3 / 3S
(88,  58, 20, 2,  144.88,  7.436), -- GEPRC SpeedX2 1104 / HQ T2.2x1.6x3 / 2S
(89,  58, 20, 3,  256.98, 13.067), -- GEPRC SpeedX2 1104 / HQ T2.2x1.6x3 / 3S
(90,  58, 13, 2,  134.73,  9.209), -- GEPRC SpeedX2 1104 / Gemfan 2020-D51MM-5 / 2S
(91,  55, 29, 1,  110.0,  5.6),  -- GEPRC SpeedX2 1202.5 / GF 65R 2-blade / 1S
(92,  55, 29, 2,  211.0,  9.2),  -- GEPRC SpeedX2 1202.5 / GF 65R 2-blade / 2S
(93,  55, 30, 1,  112.0,  5.6),  -- GEPRC SpeedX2 1202.5 / HQ T6SR / 1S
(94,  55, 30, 2,  215.0, 11.3),  -- GEPRC SpeedX2 1202.5 / HQ T6SR / 2S
(95,  40, 22, 4,  314.0, 17.16), -- GEPRC SpeedX2 1505 / GF D63 2-blade / 4S
(96,  40, 45, 4,  450.0, 21.56), -- GEPRC SpeedX2 1505 / HQ T3.5x2.5x3 / 4S
(97,  37, 61, 6, 1412.0, 42.06), -- GEPRC SpeedX2 2207E / HQ 5.1x3.1x3 / 6S
(98,  37, 67, 6, 1263.0, 35.46), -- GEPRC SpeedX2 2207E / GF 51466 / 6S
(99,  61,  1, 1,   21.5,  2.62), -- Happymodel EX0802 / Gemfan 1219-3 / 1S
(100, 61,  2, 1,   29.3,  4.09), -- Happymodel EX0802 / Happymodel 40mm 4-blade / 1S
(101, 60,  5, 1,   34.8,  3.74), -- Happymodel RS0802 / Gemfan 1610-2 / 1S
(102,  1, 19, 1,   33.9,  4.25), -- Happymodel SE0802 / 55mm 2-blade / 1S
(103,  1,  3, 1,   24.6,  3.42), -- Happymodel SE0802 / GF 1608-3 / 1S
(104,  1,  1, 1,   26.7,  4.34), -- Happymodel SE0802 / Gemfan 1219-3 / 1S
(105,  1,  2, 1,   25.2,  4.53), -- Happymodel SE0802 / Happymodel 40mm 4-blade / 1S
(106, 29, 61, 6, 1485.0, 17.1),  -- RCinpower Bison 22.5-7 / HQ EthiX S3 / 6S
(107, 29, 61, 6, 1530.0, 18.5),  -- RCinpower Bison 22.5-7 / HQ EthiX S4 / 6S
(108, 29, 69, 6, 1589.0, 21.5),  -- RCinpower Bison 22.5-7 / HQ EthiX S5 / 6S
(109, 29, 53, 6, 1433.0, 18.4),  -- RCinpower Bison 22.5-7 / DAL Fold F5 / 6S
(110, 29, 68, 6, 1580.0, 18.2),  -- RCinpower Bison 22.5-7 / DAL 5147.5 / 6S
(111, 29, 61, 6, 1621.0, 19.3),  -- RCinpower Bison 22.5-7 / HQ 5.1x3.1x3 / 6S
(112, 29, 72, 6, 1835.0, 23.5),  -- RCinpower Bison 22.5-7 / GF 6045-2 / 6S
(113,  8, 85, 6, 4128.0, 69.2),  -- RCinpower Bison 3220 / HQ/GF 1050-3 / 6S
(114,  8, 85, 6, 4136.0, 66.0),  -- RCinpower Bison 3220 / HQ/GF 1050-3 / 6S
(115,  9, 87, 6, 6356.0, 87.1),  -- RCinpower EX4214 / GF 1308-3 / 6S
(116,  9, 88, 6, 6400.0, 85.8),  -- RCinpower EX4214 / HQ 1309-3 / 6S
(117,  9, 86, 6, 6531.0, 90.2),  -- RCinpower EX4214 / RC 1248-3 / 6S
(118, 45, 16, 3,  224.0,  6.84), -- RCinpower GTS V2 1207 / HQ 2x2.5x3 / 3S
(119, 45, 16, 4,  346.0,  9.9),  -- RCinpower GTS V2 1207 / HQ 2x2.5x3 / 4S
(120, 45, 17, 3,  228.0,  6.85), -- RCinpower GTS V2 1207 / DAL 2x3.5x3 / 3S
(121, 45, 17, 4,  344.0,  9.9),  -- RCinpower GTS V2 1207 / DAL 2x3.5x3 / 4S
(122, 45, 40, 3,  428.0, 11.4),  -- RCinpower GTS V2 1207 / GF 3035-3 / 3S
(123, 45, 40, 4,  605.0, 16.9),  -- RCinpower GTS V2 1207 / GF 3035-3 / 4S
(124, 52,  3, 1,   87.0,  8.7),  -- RCinpower GTS V3 1003 / GF 1608-3 / 1S
(125, 52,  4, 1,   94.0,  9.7),  -- RCinpower GTS V3 1003 / GF 1609-4 / 1S
(126, 52,  6, 1,   87.0,  8.7),  -- RCinpower GTS V3 1003 / GF 1635-3 / 1S
(127, 52,  7, 1,   95.0,  9.7),  -- RCinpower GTS V3 1003 / GF 1635-4 / 1S
(128, 52, 10, 1,  107.0, 10.8),  -- RCinpower GTS V3 1003 / GF 2015-2 / 1S
(129, 52, 14, 1,   98.0, 14.6),  -- RCinpower GTS V3 1003 / GF 2023-3 / 1S
(130, 52,  8, 1,   95.0,  8.9),  -- RCinpower GTS V3 1003 / GF 45mm-2 / 1S
(131, 52,  9, 1,  104.0, 10.8),  -- RCinpower GTS V3 1003 / GF 45mm-3 / 1S
(132, 43, 12, 2,  381.0, 29.7),  -- RCinpower GTS V3 1304 / GF 2020-4 / 2S
(133, 43, 28, 1,  208.0, 17.7),  -- RCinpower GTS V3 1304 / GF 2540-3 / 1S
(134, 43, 28, 2,  439.0, 26.9),  -- RCinpower GTS V3 1304 / GF 2540-3 / 2S
(135, 43, 35, 1,  228.0, 16.3),  -- RCinpower GTS V3 1304 / GF 3018-2 / 1S
(136, 43, 35, 2,  455.0, 32.0),  -- RCinpower GTS V3 1304 / GF 3018-2 / 2S
(137, 43, 34, 1,  254.0, 23.1),  -- RCinpower GTS V3 1304 / GF 3016-3 / 1S
(138, 43, 36, 1,  246.0, 21.0),  -- RCinpower GTS V3 1304 / DAL 3018-3 / 1S
(139, 43, 38, 1,  272.0, 25.1),  -- RCinpower GTS V3 1304 / GF 3028-3 / 1S
(140, 35, 24, 4,  421.0, 17.1),  -- RCinpower GTS V3 1404.6 / GF D63 5-blade / 4S
(141, 35, 39, 4,  492.0, 20.5),  -- RCinpower GTS V3 1404.6 / HQ T3x3x3 3-blade / 4S
(142, 35, 34, 4,  444.0, 13.6),  -- RCinpower GTS V3 1404.6 / GF 3016-3 / 4S
(143, 35, 44, 4,  576.0, 20.6),  -- RCinpower GTS V3 1404.6 / GF 3520-3 / 4S
(144, 35, 48, 3,  496.0, 16.8),  -- RCinpower GTS V3 1404.6 / GF 4024-2 / 3S
(145, 23, 32, 3,  414.0, 15.1),  -- RCinpower GTS V3 1804 / HQ T76-3 / 3S
(146, 23, 32, 4,  647.0, 23.8),  -- RCinpower GTS V3 1804 / HQ T76-3 / 4S
(147, 23, 43, 3,  509.0, 16.7),  -- RCinpower GTS V3 1804 / GF D90-3 / 3S
(148, 23, 43, 4,  688.0, 22.8),  -- RCinpower GTS V3 1804 / GF D90-3 / 4S
(149, 23, 48, 3,  498.0, 12.4),  -- RCinpower GTS V3 1804 / GF 4024-2 / 3S
(150, 23, 48, 4,  763.0, 19.3),  -- RCinpower GTS V3 1804 / GF 4024-2 / 4S
(151, 23, 47, 3,  529.0, 14.9),  -- RCinpower GTS V3 1804 / GF 4023-3 / 3S
(152, 23, 47, 4,  772.0, 24.0),  -- RCinpower GTS V3 1804 / GF 4023-3 / 4S
(153, 15, 62, 5, 1948.0, 44.2),  -- RCinpower GTS V4 2207 / GF 5136R / 5S
(154, 15, 62, 6, 2248.0, 53.0),  -- RCinpower GTS V4 2207 / GF 5136R / 6S
(155, 15, 67, 5, 1978.0, 45.2),  -- RCinpower GTS V4 2207 / GF 51466 / 5S
(156, 15, 67, 6, 2281.0, 53.9),  -- RCinpower GTS V4 2207 / GF 51466 / 6S
(157, 15, 63, 5, 1805.0, 40.2),  -- RCinpower GTS V4 2207 / HQ R36 / 5S
(158, 15, 63, 6, 1994.0, 48.4),  -- RCinpower GTS V4 2207 / HQ R36 / 6S
(159, 15, 64, 5, 1731.0, 41.9),  -- RCinpower GTS V4 2207 / HQ R38 / 5S
(160, 15, 64, 6, 2032.0, 51.3),  -- RCinpower GTS V4 2207 / HQ R38 / 6S
(161, 15, 68, 5, 1754.0, 38.7),  -- RCinpower GTS V4 2207 / DAL T5148.5 / 5S
(162, 15, 68, 6, 2060.0, 48.1),  -- RCinpower GTS V4 2207 / DAL T5148.5 / 6S
(163, 17, 50, 5, 1539.0, 42.3),  -- RCinpower Wasp Major 1980Kv / GF 4934-3 / 5S
(164, 17, 50, 6, 1759.0, 48.4),  -- RCinpower Wasp Major 1980Kv / GF 4934-3 / 6S
(165, 17, 94, 5, 1717.0, 47.0),  -- RCinpower Wasp Major 1980Kv / GF F4 freestyle / 5S
(166, 17, 94, 6, 1963.0, 53.7),  -- RCinpower Wasp Major 1980Kv / GF F4 freestyle / 6S
(167, 17, 67, 5, 1645.0, 47.5),  -- RCinpower Wasp Major 1980Kv / GF 51466V2 / 5S
(168, 17, 67, 6, 1879.0, 54.3),  -- RCinpower Wasp Major 1980Kv / GF 51466V2 / 6S
(169, 17, 71, 5, 1968.0, 48.7),  -- RCinpower Wasp Major 1980Kv / GF 6032-3 / 5S
(170, 17, 71, 6, 2250.0, 55.7),  -- RCinpower Wasp Major 1980Kv / GF 6032-3 / 6S
(171, 17, 66, 5, 1679.0, 41.7),  -- RCinpower Wasp Major 1980Kv / HQ MCK / 5S
(172, 17, 66, 6, 1919.0, 47.7),  -- RCinpower Wasp Major 1980Kv / HQ MCK / 6S
(173, 16, 50, 5, 1626.0, 44.6),  -- RCinpower Wasp Major 2100Kv / GF 4934-3 / 5S
(174, 16, 50, 6, 1858.0, 51.1),  -- RCinpower Wasp Major 2100Kv / GF 4934-3 / 6S
(175, 16, 94, 5, 1814.0, 49.7),  -- RCinpower Wasp Major 2100Kv / GF F4 freestyle / 5S
(176, 16, 94, 6, 2073.0, 56.7),  -- RCinpower Wasp Major 2100Kv / GF F4 freestyle / 6S
(177, 16, 67, 5, 1737.0, 50.2),  -- RCinpower Wasp Major 2100Kv / GF 51466V2 / 5S
(178, 16, 67, 6, 1985.0, 57.4),  -- RCinpower Wasp Major 2100Kv / GF 51466V2 / 6S
(179, 16, 69, 5, 1888.0, 55.9),  -- RCinpower Wasp Major 2100Kv / GF 51499 / 5S
(180, 16, 69, 6, 2158.0, 63.8),  -- RCinpower Wasp Major 2100Kv / GF 51499 / 6S
(181, 16, 66, 5, 1773.0, 44.1),  -- RCinpower Wasp Major 2100Kv / HQ MCK / 5S
(182, 16, 66, 6, 2027.0, 50.4),  -- RCinpower Wasp Major 2100Kv / HQ MCK / 6S
(183,  5, 88, 6, 3211.0, 53.5),  -- Readytosky 4320 / HQ 1309-3 / 6S
(184,  5, 88, 8, 5346.0, 43.7),  -- Readytosky 4320 / HQ 1309-3 / 8S
(185, 39, 32, 3,  406.0, 15.9),  -- Sub250 1804 / HQ T76-3 / 3S
(186, 39, 32, 4,  534.0, 25.0),  -- Sub250 1804 / HQ T76-3 / 4S
(187, 39, 43, 3,  499.0, 17.6),  -- Sub250 1804 / GF D90-3 / 3S
(188, 39, 43, 4,  575.0, 32.0),  -- Sub250 1804 / GF D90-3 / 4S
(189, 39, 48, 3,  488.0, 12.0),  -- Sub250 1804 / GF 4024-2 / 3S
(190, 39, 48, 4,  748.0, 20.3),  -- Sub250 1804 / GF 4024-2 / 4S
(191, 39, 47, 3,  519.0, 15.7),  -- Sub250 1804 / GF 4023-3 / 3S
(192, 39, 47, 4,  757.0, 25.3),  -- Sub250 1804 / GF 4023-3 / 4S
(193, 39, 60, 3,  526.0, 26.3),  -- Sub250 1804 / GF 5126-2 / 3S
(194, 39, 59, 4,  683.0, 27.1),  -- Sub250 1804 / GEMFAN SL5125 / 4S
(195, 28, 27, 4,  433.0, 12.44), -- iFlight XING 1504 / GF 5125-3 / 4S
(196, 10, 78, 6, 2933.0, 49.23), -- iFlight XING-E 2809 / HQ 8x4x3 / 6S
(197, 10, 75, 6, 2092.0, 30.36), -- iFlight XING-E 2809 / GF 7040-2 / 6S
(198,  6, 78, 6, 2355.0, 30.28), -- iFlight XING-E 3314 / HQ 8x4x3 / 6S
(199,  6, 79, 6, 3213.0, 41.44), -- iFlight XING-E 3314 / HQ 9x4x3 / 6S
(200,  6, 82, 6, 4191.0, 58.48), -- iFlight XING-E 3314 / HQ 10x4.5x3 / 6S
(201,  2, 88, 8, 7500.0, 106.49),-- iFlight XING-E 5215 / HQ 1309-3 / 8S
(202, 42, 58, 4, 1498.0, 39.56), -- iFlight XING-E Pro 2207 / DAL Cyclone 5050 / 4S
(203, 42, 61, 4, 1391.0, 35.68), -- iFlight XING-E Pro 2207 / HQ 5.1x3.1x3 / 4S
(204, 42, 54, 4, 1465.0, 32.02), -- iFlight XING-E Pro 2207 / GF 5045-3 / 4S
(205, 42, 53, 4, 1398.0, 35.48), -- iFlight XING-E Pro 2207 / HQ 5x4.3x3 / 4S
(206, 42, 73, 4, 1679.0, 42.63), -- iFlight XING-E Pro 2207 / GF 6045-3 / 4S
(207, 20, 53, 6, 1678.0, 35.46), -- iFlight XING2 2207 / Nazgul F5 / 6S
(208, 20, 67, 6, 1703.0, 36.03), -- iFlight XING2 2207 / GF 51466 / 6S
(209, 48, 90, 4,  864.0, 21.8),  -- Emax Eco II 2004 2400Kv / EMAX AVAN 5120 / 4S
(210, 48, 59, 4,  850.0, 19.2),  -- Emax Eco II 2004 2400Kv / GEMFAN SL5125 / 4S
(211, 48, 60, 4,  825.0, 18.8),  -- Emax Eco II 2004 2400Kv / GEMFAN SL5126 / 4S
(212, 48, 91, 6,  827.0, 16.1),  -- Emax Eco II 2004 2400Kv / HQ T4025 / 6S
(213, 48, 47, 6,  930.0, 18.8),  -- Emax Eco II 2004 2400Kv / GF 4023-3 / 6S
(214, 47, 92, 6,  561.0, 12.7),  -- Emax Eco II 2004 3000Kv / HQ T3x3x3 2-blade / 6S
(215, 47, 44, 6,  636.0, 12.4),  -- Emax Eco II 2004 3000Kv / GF 3520-3 / 6S
(216, 47, 90, 4, 1170.0, 31.6),  -- Emax Eco II 2004 3000Kv / EMAX AVAN 5120 / 4S
(217, 47, 59, 4, 1090.0, 30.2),  -- Emax Eco II 2004 3000Kv / GEMFAN SL5125 / 4S
(218, 49, 93, 6,  695.0, 10.5),  -- Emax Eco II 2004 1600Kv / GEMFAN SL4525 / 6S
(219, 49, 90, 6,  951.0, 15.2),  -- Emax Eco II 2004 1600Kv / EMAX AVAN 5120 / 6S
(220, 49, 59, 6,  935.0, 14.1),  -- Emax Eco II 2004 1600Kv / GEMFAN SL5125 / 6S
(221, 49, 60, 6,  915.0, 13.5),  -- Emax Eco II 2004 1600Kv / GEMFAN SL5126 / 6S
(222, 50, 90, 4,  715.0, 14.0),  -- Emax Eco II 2004 2000Kv / EMAX AVAN 5120 / 4S
(223, 50, 59, 4,  670.0, 12.5),  -- Emax Eco II 2004 2000Kv / GEMFAN SL5125 / 4S
(224, 50, 47, 6,  797.0, 13.4),  -- Emax Eco II 2004 2000Kv / GF 4023-3 / 6S
(225, 50, 93, 6,  910.0, 17.0),  -- Emax Eco II 2004 2000Kv / GEMFAN SL4525 / 6S
(226, 50, 59, 6, 1130.0, 21.5);  -- Emax Eco II 2004 2000Kv / GEMFAN SL5125 / 6S



-- ESCs
INSERT INTO esc (id, name, continuous_current, burst_current, min_cell_count, max_cell_count, bec_output_voltage, bec_max_current, weight, price, available, shop_link) VALUES
(1,  'Volta 15A',                        15,   25,  2, 4, 5.0,  2,   6.8, 15.99,  true, 'https://www.rc-factory.eu/esc/volta-15a'),
(2,  'Volta 30A G2',                     30,   40,  2, 4, 5.5,  4,  25.0, 21.96,  true, 'https://www.rc-factory.eu/esc/g2-30a-sbec'),
(3,  'Volta 40A G2',                     40,   55,  2, 4, 5.5,  4,  37.0, 23.96,  true, 'https://www.rc-factory.eu/esc/g2-40a-sbec'),
(4,  'Volta 50A G2',                     50,   60,  2, 4, 5.5,  4,  37.0, 33.96,  true, 'https://www.rc-factory.eu/esc/volta-50a-sbec'),
(5,  'T-Motor AM06A F3P-A',               6,    8,  1, 2, 5.2,  2,   1.1, 35.70,  true, 'https://www.rc-factory.eu/esc/t-motor-am06a-f3p-a'),
(6,  'T-Motor AM16A F3P 3D/4D',          16,   25,  2, 4, 5.5,  3,   8.5, 29.92,  true, 'https://www.rc-factory.eu/esc/t-motor-am16a-f3p-3d-4d'),
(7,  'KAVAN R-50SB 50A',                 50,   65,  3, 6, 5.0,  7,  41.0, 33.00,  true, 'https://www.rc-factory.eu/esc/kavan-r-50sb-50a'),
(8,  'T-Motor AT 55A',                   55,   75,  2, 6, 5.0,  5,  63.0, 39.00, false, 'https://www.rc-factory.eu/esc/t-motor-at-55a'),
(9,  'SKYWALKER 15A',                    15,   30,  2, 3, 5.0,  2,  10.0, 15.99,  true, 'https://www.rc-factory.eu/esc/skywalker-15a'),
(10, 'Admiral RVS 30A',                  30,   40,  2, 4, 5.0,  4,  31.0, 16.99,  true, 'https://motionrc.com/eu/products/admiral-rvs-30a-esc-with-4a-sbec-adm6003-053'),
(11, 'Admiral RVS 80A',                  80,  100,  2, 6, 5.0,  8,  92.0, 42.99,  true, 'https://motionrc.com/eu/products/admiral-rvs-80a-esc-with-8a-sbec-adm6003-057'),
(12, 'Admiral RVS 50A',                  50,   65,  2, 4, 5.0,  4,  39.0, 22.99,  true, 'https://motionrc.com/eu/products/admiral-rvs-50a-esc-with-4a-sbec-adm6003-055'),
(13, 'Admiral RVS 60A',                  60,   80,  2, 6, 5.0,  8,  58.0, 34.99,  true, 'https://motionrc.com/eu/products/admiral-rvs-60a-esc-with-8a-sbec-adm6003-056'),
(14, 'Admiral RVS 100A',                100,  120,  2, 6, 5.0,  8,  98.0, 53.99,  true, 'https://motionrc.com/eu/products/admiral-rvs-100a-esc-with-8a-sbec-adm6003-058'),
(15, 'ZTW Mantis G2 45A',                45,   55,  2, 6, 5.0,  4,  37.0, 33.99,  true, 'https://motionrc.com/eu/products/ztw-mantis-g2-45a-esc-with-4a-sbec-ztw2045211'),
(16, 'ZTW Skyhawk 35A',                  35,   55,  3, 6, 6.0,  8,  45.0, 41.99,  true, 'https://motionrc.com/eu/products/ztw-skyhawk-35a-esc-with-8a-sbec-ztw4035211'),
(17, 'Admiral RVS 120A',                120,  140,  2, 6, 5.0,  8,  98.0, 62.99,  true, 'https://motionrc.com/eu/products/admiral-rvs-120a-esc-with-8a-sbec-adm6003-059'),
(18, 'ZTW Mantis Slim G2 15A',           15,   30,  2, 4, 5.0,  3,   9.0, 16.99,  true, 'https://motionrc.com/eu/products/ztw-mantis-slim-g2-15a-esc-with-3a-sbec-ztw2015111'),
(19, 'ZTW Mantis G2 6A',                  6,   10,  2, 3, 5.0,  3,   7.0, 14.49,  true, 'https://motionrc.com/eu/products/ztw-mantis-g2-6a-esc-with-3a-sbec-ztw2006211'),
(20, 'ZTW Mantis Slim G2 30A',           30,   40,  2, 4, 6.0,  3,  15.0, 19.99,  true, 'https://motionrc.com/eu/products/ztw-mantis-slim-g2-30a-esc-with-3a-sbec-ztw2030211'),
(21, 'ZTW Mantis G2 25A',                25,   35,  2, 4, 5.0,  4,  30.0, 19.99,  true, 'https://motionrc.com/eu/products/ztw-mantis-g2-25a-esc-with-4a-sbec-ztw2025211'),
(22, 'ZTW Mantis G2 35A',                35,   45,  2, 4, 5.0,  4,  32.0, 22.79,  true, 'https://motionrc.com/eu/products/ztw-mantis-g2-35a-esc-with-4a-sbec-ztw2035211'),
(23, 'ZTW Mantis Slim G2 20A',           20,   30,  2, 4, 6.0,  3,  11.0, 17.99,  true, 'https://motionrc.com/eu/products/ztw-mantis-slim-g2-20a-esc-with-3a-sbec-ztw2020211'),
(24, 'Admiral RVS 40A',                  40,   55,  2, 4, 5.0,  4,  39.0, 18.99,  true, 'https://motionrc.com/eu/products/admiral-rvs-40a-esc-with-4a-sbec-adm6003-054'),
(25, 'Admiral RVS 20A',                  20,   30,  2, 4, 5.0,  4,  26.0, 15.49,  true, 'https://motionrc.com/eu/products/admiral-rvs-20a-esc-with-4a-sbec-adm6003-052');



-- Batteries
INSERT INTO battery (id, name, cell_count, capacity, c_rating, weight, price, available, shop_link) VALUES
( 1, 'Tattu 3700mAh 4S 45C',                  4, 3700, 45,   372.0,  55.89, true,  'https://www.rotorama.com/product/tattu-3700mah-4s-45c'),
( 2, 'GNB 2800mAh 4S 100C',                   4, 2800, 100,  267.0,  46.99, true,  'https://www.rotorama.com/product/gnb-2800mah-4s-100c'),
( 3, 'GNB 3300mAh 4S 100C',                   4, 3300, 100,  292.0,  52.29, true,  'https://www.rotorama.com/product/gnb-3300mah-4s-100c'),
( 4, 'Tattu R-Line 2000mAh 4S 150C V5',       4, 2000, 150,  217.0,  39.89, false, 'https://www.rotorama.com/product/tattu-r-line-2000mah-4s-150c'),
( 5, 'Tattu 2300mAh 4S 75C',                  4, 2300, 75,   270.0,  31.39, true,  'https://www.rotorama.com/product/tattu-2300mah-4s-75c'),
( 6, 'Tattu R-Line 1550mAh 4S 150C V5',       4, 1550, 150,  173.0,  30.39, true,  'https://www.rotorama.com/product/tattu-1550mah-4s1p-150c'),
( 7, 'GNB 2200mAh 4S 100C',                   4, 2200, 100,  231.0,  38.69, true,  'https://www.rotorama.com/product/gnb-2200mah-4s-100c'),
( 8, 'CNHL Ministar 1800mAh 4S 120C',         4, 1800, 120,  209.0,  24.49, true,  'https://www.rotorama.com/product/cnhl-ministar-1800mah-4s-120c'),
( 9, 'CNHL Ministar 1500mAh 4S 120C',         4, 1500, 120,  189.0,  21.39, false, 'https://www.rotorama.com/product/cnhl-ministar-1500mah-4s-120c-2'),
(10, 'Tattu R-Line 1300mAh 4S 150C V5',       4, 1300, 150,  156.0,  25.49, false, 'https://www.rotorama.com/product/tattu-r-line-1300mah-4s-150c-v5'),
(11, 'CNHL Black Series 2000mAh 4S 100C',     4, 2000, 100,  234.0,  28.09, true,  'https://www.rotorama.com/product/cnhl-black-series-2000mah-4s-100c'),
(12, 'CNHL Black Series 1300mAh 4S 130C',     4, 1300, 130,  151.0,  20.49, true,  'https://www.rotorama.com/product/cnhl-1300-4s-130c'),
(13, 'Dogcom 1550mAh 4S 150C',                4, 1550, 150,  178.0,  26.59, true,  'https://www.rotorama.com/product/dogcom-1550mah-4s-150c'),
(14, 'Tattu R-Line 850mAh 4S 150C V5 (XT30)', 4,  850, 150,  100.0,  17.19, false, 'https://www.rotorama.com/product/tattu-r-line-850mah-4s-150c-v5-xt30'),
(15, 'GNB 930mAh 4S 120C (XT30)',             4,  930, 120,  100.0,  22.49, true,  'https://www.rotorama.com/product/gnb-930mah-4s-120c-xt30'),
(16, 'Tattu 850mAh 4S 75C',                   4,  850, 75,   109.0,  20.39, true,  'https://www.rotorama.com/product/tattu-850mah-4s-75c'),
(17, 'GNB 850mAh 4S 120C HV (XT30)',          4,  850, 120,   88.0,  21.69, true,  'https://www.rotorama.com/product/gnb-850mah-4s-120c-hv'),
(18, 'Tattu R-Line 750mAh 4S 95C',            4,  750, 95,    84.0,  21.19, false, 'https://www.rotorama.com/product/tattu-r-line-750mah-4s-95c'),
(19, 'Dogcom UCELL 650mAh 4S 150C',           4,  650, 150,   81.5,  15.19, false, 'https://www.rotorama.com/product/dogcom-ucell-650mah-4s-150c'),
(20, 'Tattu 450mAh 4S 75C',                   4,  450, 75,    55.0,  16.29, true,  'https://www.rotorama.com/product/tattu-450mah-4s-75c'),
(21, 'CNHL Ministar 450mAh 4S 70C',           4,  450, 70,    62.0,   8.99, true,  'https://www.rotorama.com/product/cnhl-ministar-450mah-4s-70c'),
(22, 'Tattu 550mAh 4S 95C HV',                4,  550, 95,    57.0,  17.09, true,  'https://www.rotorama.com/product/tattu-550mah-4s-95c-hv'),
(23, 'GNB 300mAh 4S 80C HV',                  4,  300, 80,    36.0,  12.29, true,  'https://www.rotorama.com/product/gnb-300mah-4s-80c-hv'),
(24, 'GNB 4000mAh 4S 70C',                    4, 4000, 70,   322.0,  53.29, true,  'https://www.rotorama.com/product/gnb-4000mah-4s-70c'),
(25, 'Tattu 2300mAh 3S 75C',                  3, 2300, 75,   166.0,  25.29, true,  'https://www.rotorama.com/product/tattu-2300mah-3s-75c'),
(26, 'GNB 2800mAh 3S 100C',                   3, 2800, 100,  207.0,  30.79, false, 'https://www.rotorama.com/product/gnb-2800mah-3s-100c'),
(27, 'CNHL Black Series 1500mAh 3S 130C',     3, 1500, 130,  125.0,  18.79, true,  'https://www.rotorama.com/product/cnhl-1500mah-3s-130c'),
(28, 'Tattu Funfly 1550mAh 3S 100C',          3, 1550, 100,  140.0,  20.39, true,  'https://www.rotorama.com/product/tattu-funfly-1550mah-3s-100c'),
(29, 'Tattu R-Line 850mAh 3S 150C V5 (XT30)', 3,  850, 150,   76.0,  16.29, false, 'https://www.rotorama.com/product/tattu-r-line-850mah-3s-150c-v5-xt30'),
(30, 'CNHL MiniStar 850mAh 3S 70C (XT60)',    3,  850, 70,    86.0,  13.09, true,  'https://www.rotorama.com/product/cnhl-ministar-850mah-3s-70c-xt60'),
(31, 'GNB 700mAh 3S 120C',                    3,  700, 120,   62.0,  14.69, true,  'https://www.rotorama.com/product/gnb-700mah-3s-120c'),
(32, 'Tattu R-Line 650mAh 3S 95C',            3,  650, 95,    60.0,  15.09, true,  'https://www.rotorama.com/product/tattu-r-line-650mah-3s-95c'),
(33, 'CNHL Ministar 650mAh 3S 70C',           3,  650, 70,    70.0,  10.09, true,  'https://www.rotorama.com/product/cnhl-ministar-650mah-3s-70c'),
(34, 'Dogcom 560mAh 3S 150C',                 3,  560, 150,   46.0,  15.99, true,  'https://www.rotorama.com/product/dogcom-560mah-3s-150c'),
(35, 'Tattu R-Line 550mAh 3S 95C V1',         3,  550, 95,    43.0,  15.09, true,  'https://www.rotorama.com/product/tattu-r-line-550mah-3s-95c-v1'),
(36, 'Tattu 450mAh 3S 95C HV',                3,  450, 95,    35.0,  13.09, true,  'https://www.rotorama.com/product/tattu-450mah-3s-95c-hv-long'),
(37, 'CNHL Ministar 450mAh 3S 70C',           3,  450, 70,    49.0,   8.19, true,  'https://www.rotorama.com/product/cnhl-450mah-3s-70c'),
(38, 'CNHL Ministar 350mAh 3S 70C',           3,  350, 70,    38.5,   6.49, false, 'https://www.rotorama.com/product/cnhl-ministar-350mah-3s-70c'),
(39, 'Tattu 450mAh 3S 75C Long',              3,  450, 75,    45.0,  13.39, true,  'https://www.rotorama.com/product/tattu-450mah-3s-75c-long'),
(40, 'Tattu 850mAh 2S 95C HV',                2,  850, 95,    40.0,  11.39, true,  'https://www.rotorama.com/product/tattu-r-line-850mah-4s-150c'),
(41, 'Tattu R-Line 550mAh 2S 95C',            2,  550, 95,    30.0,  10.19, true,  'https://www.rotorama.com/product/tattu-r-line-550mah-2s-95c'),
(42, 'Tattu 650mAh 2S 95C HV',                2,  650, 95,    33.0,  11.39, true,  'https://www.rotorama.com/product/tattu-650mah-2s-95c-hv'),
(43, 'Tattu R-Line 400mAh 2S 95C',            2,  400, 95,    20.0,  10.09, true,  'https://www.rotorama.com/product/tattu-r-line-400mah-2s-95c'),
(44, 'Tattu R-Line 750mAh 2S 95C',            2,  750, 95,    41.0,  12.99, true,  'https://www.rotorama.com/product/tattu-r-line-750mah-2s-95c'),
(45, 'GNB 850mAh 2S 80C',                     2,  850, 80,    53.0,  10.09, false, 'https://www.rotorama.com/product/gnb-850mah-2s-80c'),
(46, 'GNB 700mAh 2S 120C',                    2,  700, 120,   44.0,  10.59, true,  'https://www.rotorama.com/product/gnb-700mah-2s-120c'),
(47, 'CNHL Ministar 650mAh 2S 70C',           2,  650, 70,    49.0,   6.49, false, 'https://www.rotorama.com/product/cnhl-ministar-650mah-2s-70c'),
(48, 'CNHL Ministar HV 450mAh 2S 70C',        2,  450, 70,    32.0,   5.69, true,  'https://www.rotorama.com/product/cnhl-ministar-hv-450mah-2s-70c');



-- Servos
-- idle_current / no_load_current / stall_current in mA
INSERT INTO servo (id, name, torque, gear_type, size_category, idle_current, no_load_current, stall_current, weight, price, available, shop_link) VALUES
(1,  'Readytosky TD-8130MG',  32.0,   'METAL',   5,  20.0,  800.0, 3400.0,  73.0,  17.09, true,  'https://www.rotorama.com/product/readytosky-30kg-digital-servo'),
(2,  'Readytosky TD-8120MG',  20.3,   'METAL',   5,  20.0,  600.0, 2200.0,  68.0,  12.19, true,  'https://www.rotorama.com/product/readytosky-20kg-digital-servo'),
(3,  'MG996R',                10.0,   'METAL',   4,  10.0,  170.0, 1400.0,  57.0,   4.89, false, 'https://www.rotorama.com/product/mg996r'),
(4,  'JX Servo PDI-5521MG',   20.3,   'METAL',   5,  15.0,  500.0, 2200.0,  62.0,  15.99, true,  'https://www.rotorama.com/product/jx-pdi-5521mg-55g-servo'),
(5,  'JX Servo PDI-4806HB',    6.2, 'PLASTIC',   4,  10.0,  200.0,  900.0,  48.5,   7.39, true,  'https://www.rotorama.com/product/jx-pdi-4806hb-48g'),
(6,  'Emax ES3005HV',         11.0,   'METAL',   4,  15.0,  250.0, 1600.0,  43.0,  23.79, true,  'https://www.rotorama.com/product/emax-es3005hv'),
(7,  'Flashhobby D9257MG',     4.5, 'PLASTIC',   4,   8.0,  150.0,  700.0,  25.0,  14.79, true,  'https://www.rotorama.com/product/flashhobby-d9257mg'),
(8,  'JX Servo PDI-2607MG',   7.21,   'METAL',   4,  10.0,  200.0, 1000.0,  26.2,  29.99, true,  'https://www.rotorama.com/product/jx-pdi-2607mg'),
(9,  'JX Servo PDI-2105MG',    5.8,   'METAL',   4,   8.0,  180.0,  850.0,  21.0,  19.29, true,  'https://www.rotorama.com/product/jx-pdi-2105mg'),
(10, 'Emax ES3054HV',          4.7,   'METAL',   3,   8.0,  150.0,  700.0,  20.0,  16.39, true,  'https://www.rotorama.com/product/emax-es3054hv'),
(11, 'TBS Mojito Servo',       3.2,   'METAL',   3,   6.0,  130.0, 1300.0,  19.0,  23.19, true,  'https://www.rotorama.com/product/tbs-mojito-servo'),
(12, 'JX Servo PDI-1171MG',    3.5,   'METAL',   3,   6.0,  130.0,  550.0,  17.5,   8.19, true,  'https://www.rotorama.com/product/jx-pdi-1171mg-17g-servo'),
(13, 'Emax ES09MD HV',         3.1,   'METAL',   3,   6.0,  120.0,  500.0,  13.5,  20.29, true,  'https://www.rotorama.com/product/emax-es09md-hv'),
(14, 'Emax ES08MD II',         2.0,   'METAL',   3,   5.0,  100.0,  400.0,  13.0,  14.29, false, 'https://www.rotorama.com/product/emax-es08md-ii-13g-mini-metal-digital'),
(15, 'MG90D',                  2.2,   'METAL',   3,   5.0,  120.0,  650.0,  12.0,   4.09, false, 'https://www.rotorama.com/product/mg90d'),
(16, 'SG92R',                  1.8, 'PLASTIC',   3,  10.0,  200.0,  650.0,  10.0,   3.69, true,  'https://www.rotorama.com/product/sg92r-digital-servo'),
(17, 'SG90',                   1.6, 'PLASTIC',   3,  10.0,  200.0,  360.0,  10.0,   2.39, true,  'https://www.rotorama.com/product/sg90-9g'),
(18, 'GH-S37D',                0.8, 'PLASTIC',   2,   4.0,   80.0,  200.0,   5.0,   4.49, false, 'https://www.rotorama.com/product/s37d'),
(19, 'JX Servo PDI-D56MG',    0.89,   'METAL',   2,   4.0,   80.0,  200.0,   5.6,   8.99, true,  'https://www.rotorama.com/product/jx-pdi-d56mg-5-6g-jx-servo'),
(20, 'Kavan GO-05',            1.0, 'PLASTIC',   2,   4.0,   80.0,  250.0,   5.0,   5.69, true,  'https://www.rotorama.com/product/kavan-go-05'),
(21, 'Hitec HS-40',            0.6,'PLASTIC',    1,   8.0,   60.0,  460.0,   4.8,  15.19, true,  'https://www.rotorama.com/product/hitec-hs-40'),
(22, 'JX Servo PDI-1143HB',    0.6,'PLASTIC',    1,   5.0,   70.0,  460.0,   4.5,   5.29, true,  'https://www.rotorama.com/product/jx-pdi-1143hb-3-7g');



-- Receivers
-- power_consumption in mA
INSERT INTO receiver (id, weight, power_consumption) VALUES
(1, 8.5, 45.0),



-- Airplane specs
-- length, cg, wingspan in mm
-- wing_area in dm²
-- wing_loading in g/dm²
-- dry_weight, all_up_weight in grams
INSERT INTO airplane_specs (id, name, length, wingspan, wing_area, wing_loading, wing_cubic_loading, cg, dry_weight, all_up_weight, control_surface_type, recommended_tw_factor) VALUES
(1,  'FT Baby Blender',            635.0,   610.0,  24.0,  24.5,  5.0,  82.5,   396.0,   587.0,  'RUDDER_ELEVATOR_AILERONS', 1.49),
(2,  'FT Bloody Baron',            610.0,   737.0,  15.7,  32.5,  8.2,  58.5,   303.0,   510.0,  'RUDDER_ELEVATOR_AILERONS', 1.72),
(3,  'FT Bushwacker',              851.0,  1143.0,  21.9,  32.4,  6.9,  44.0,   521.0,   711.0,  'RUDDER_ELEVATOR_AILERONS', 1.23),
(4,  'FT Corsair',                 781.0,  1168.0,  22.9,  44.6,  9.3,  50.8,   737.0,  1020.0,  'RUDDER_ELEVATOR_AILERONS', 0.98),
(5,  'FT Edge',                   1016.0,  1016.0,  21.9,  38.0,  8.1,  83.0,   680.0,   835.0,  'RUDDER_ELEVATOR_AILERONS', 1.20),
(6,  'FT Explorer',                927.0,  1448.0,  29.7,  23.0,  4.2,  57.0,   493.0,   683.0,  'RUDDER_ELEVATOR_AILERONS', 1.28),
(7,  'FT Flyer',                   660.0,   660.0,  15.9,  15.0,  3.7, 140.0,   238.0,   326.0,  'RUDDER_ELEVATOR',          2.30),
(8,  'FT LongEZ',                  406.0,   483.0,   6.4,  35.0, 13.9, 106.0,   156.0,   226.0,  'ELEVONS',                  1.22),
(9,  'FT MiG-3',                   762.0,  1067.0,  18.0,  38.0,  8.9,  50.8,   453.6,   683.6,  'RUDDER_ELEVATOR_AILERONS', 1.28),
(10, 'FT Mini Alpha',              698.5,   609.0,   9.8,  30.1,  9.6, 355.0,   230.0,   295.0,  'ELEVONS',                  1.36),
(11, 'FT Mini Arrow',              439.0,   775.0,  16.6,  14.8,  3.6,  44.5,   218.0,   245.0,  'RUDDER_ELEVATOR_AILERONS', 1.38),
(12, 'FT Mini Bravo',              692.2,   609.0,   9.3,  31.7, 10.5, 355.0,   230.0,   295.0,  'ELEVONS',                  1.36),
(13, 'FT Mini Charlie',            705.0,   711.0,  10.1,  29.2,  9.2, 355.0,   230.0,   295.0,  'ELEVONS',                  1.36),
(14, 'FT Mini Commuter',           584.0,   762.0,   9.2,  31.0, 10.2,  25.4,   234.0,   284.0,  'RUDDER_ELEVATOR_AILERONS', 0.97),
(15, 'FT Mini Corsair',            482.0,   610.0,   6.9,  32.0, 12.2,  38.0,   156.0,   222.0,  'RUDDER_ELEVATOR_AILERONS', 1.52),
(16, 'FT Mini DR1',                495.0,   618.2,  21.3,  16.0,  3.5,  46.5,   263.0,   340.0,  'RUDDER_ELEVATOR',          0.99),
(17, 'FT Mini F-22',               667.0,   508.0,  14.2,  14.9,  3.9, 305.0,   134.0,   211.0,  'ELEVONS',                  1.60),
(18, 'FT Mini Mustang',            482.0,   622.0,   7.4,  29.9, 10.9,  25.0,   156.0,   222.0,  'RUDDER_ELEVATOR_AILERONS', 1.52),
(19, 'FT Mini Pietenpol',          533.4,   723.9,  12.2,  22.7,  6.5,  63.5,   200.0,   277.0,  'RUDDER_ELEVATOR',          1.44),
(20, 'FT Mini Pun Jet',            368.0,   363.0,   6.6,  29.2, 11.4, 184.0,   116.0,   193.0,  'ELEVONS',                  1.42),
(21, 'FT Mini Scout',              457.2,   609.0,   8.5,  19.4,  6.6,  44.0,   115.0,   165.0,  'RUDDER_ELEVATOR',          1.67),
(22, 'FT Mini SE5',                476.0,   609.6,  17.0,  19.2,  4.6,  50.8,   249.5,   326.0,  'RUDDER_ELEVATOR',          1.03),
(23, 'FT Sparrow',                 406.0,   723.0,  11.6,  22.0,  6.4,  44.5,   187.0,   256.0,  'ELEVONS',                  1.07),
(24, 'FT Mini Sportster',          432.0,   584.0,   8.8,  30.6, 10.3,  44.0,   204.0,   270.0,  'RUDDER_ELEVATOR_AILERONS', 1.48),
(25, 'FT Mini Vector',             704.0,   635.0,  16.3,  17.0,  4.4, 355.0,   211.0,   288.0,  'ELEVONS',                  1.17),
(26, 'FT Spitfire',                978.0,  1220.0,  28.0,  29.0,  5.4,  50.0,   590.0,   816.0,  'RUDDER_ELEVATOR_AILERONS', 1.22),
(27, 'FT Mustang',                 787.0,  1016.0,  19.5,  27.9,  6.3,  70.0,   453.0,   543.0,  'RUDDER_ELEVATOR_AILERONS', 1.61),
(28, 'FT Nutball',                 508.0,   490.5,  18.9,  14.8,  3.4, 127.0,   212.0,   280.0,  'RUDDER_ELEVATOR',          0.98),
(29, 'FT Old Fogey',               838.0,   959.0,  24.3,  20.1,  4.1,  76.0,   377.0,   489.0,  'RUDDER_ELEVATOR',          1.53),
(30, 'FT Otter',                   813.0,  1016.0,  19.5,  31.4,  7.1,  64.0,   428.0,   612.0,  'RUDDER_ELEVATOR_AILERONS', 1.43),
(31, 'FT P-40',                    813.0,  1054.0,  19.1,  29.2,  6.7,  50.8,   468.0,   558.0,  'RUDDER_ELEVATOR_AILERONS', 1.79),
(32, 'FT P-47',                   1016.0,  1206.0,  26.9,  37.2,  7.2,  45.0,   720.0,  1000.0,  'RUDDER_ELEVATOR_AILERONS', 1.00),
(33, 'FT P-51 Mustang',           1042.0,  1225.0,  26.0,  29.0,  5.7,  76.0,   520.0,   744.0,  'RUDDER_ELEVATOR_AILERONS', 1.34),
(34, 'FT Racer',                   890.0,  1016.0,  13.4,  50.7, 13.9,  60.0,   500.0,   680.0,  'RUDDER_ELEVATOR_AILERONS', 1.47),
(35, 'FT Sea Angel',               787.0,  1067.0,  21.0,  41.2,  9.0,  50.8,   635.0,   865.0,  'RUDDER_ELEVATOR_AILERONS', 1.16),
(36, 'FT Simple Cub',              775.0,   965.0,  19.5,  25.1,  5.7,  45.0,   408.0,   489.0,  'RUDDER_ELEVATOR_AILERONS', 1.53),
(37, 'FT Simple Scout',            736.6,   952.5,  20.9,  25.6,  5.6,  62.0,   425.2,   535.8,  'RUDDER_ELEVATOR_AILERONS', 1.40),
(38, 'FT Simple Storch',           990.0,  1460.0,  34.0,  29.6,  5.1,  51.0,   816.0,  1005.0,  'RUDDER_ELEVATOR_AILERONS', 1.00),
(39, 'FT Spear',                   521.0,  1041.0,  28.1,  30.2,  5.7,  76.0,   658.0,   848.0,  'ELEVONS',                  1.18),
(40, 'FT Spitfire (Swappable)',    810.0,  1080.0,  20.6,  25.0,  5.4,  68.5,   420.0,   510.0,  'RUDDER_ELEVATOR_AILERONS', 1.96),
(41, 'FT Sportster',               762.0,   990.0,  24.5,  25.3,  5.1,  63.0,   430.0,   620.0,  'RUDDER_ELEVATOR_AILERONS', 1.61),
(42, 'FT Tiny Trainer',            648.0,   940.0,  12.5,  22.0,  6.1,  44.0,   193.0,   270.0,  'RUDDER_ELEVATOR_AILERONS', 1.25),
(43, 'FT Versa Wing',              483.0,   965.0,  27.9,  17.9,  3.4, 123.0,   300.0,   500.0,  'ELEVONS',                  1.75),
(44, 'FT X-29',                   1155.7,   698.5,  15.35, 65.2, 16.6, 577.8,   748.4,   998.4,  'RUDDER_ELEVATOR_AILERONS', 1.00);

